timestamp_utc,frame,latitude,longitude,altitude_m,compass_heading_deg,gimbal_pitch_deg,gimbal_yaw_deg,speed_mps,satellites
2026-01-01T00:00:00.000Z,0,47.3843571,8.5451784,464.91,0.0,-90.0,0.0,5.0,12
2026-01-01T00:00:00.033Z,1,47.3843571,8.5451784,464.91,0.0,-90.0,0.0,5.0,12
2026-01-01T00:00:00.067Z,2,47.3843571,8.5451784,464.91,0.0,-90.0,0.0,5.0,12
2026-01-01T00:00:00.100Z,3,47.3843571,8.5451784,464.91,0.0,-90.0,0.0,5.0,12
2026-01-01T00:00:00.133Z,4,47.3843571,8.5451784,464.91,0.0,-90.0,0.0,5.0,12
2026-01-01T00:00:00.167Z,5,47.3843571,8.5451784,464.91,0.0,-90.0,0.0,5.0,12
2026-01-01T00:00:00.200Z,6,47.3843551,8.5451786,465.164,0.0,-90.0,0.0,5.0,12
2026-01-01T00:00:00.233Z,7,47.3843551,8.5451786,465.164,0.0,-90.0,0.0,5.0,12
2026-01-01T00:00:00.267Z,8,47.3843551,8.5451786,465.164,0.0,-90.0,0.0,5.0,12
2026-01-01T00:00:00.300Z,9,47.3843551,8.5451786,465.164,0.0,-90.0,0.0,5.0,12
2026-01-01T00:00:00.333Z,10,47.3843551,8.5451786,465.164,0.0,-90.0,0.0,5.0,12
2026-01-01T00:00:00.367Z,11,47.3843551,8.5451786,465.164,0.0,-90.0,0.0,5.0,12
2026-01-01T00:00:00.400Z,12,47.3843531,8.5451792,465.478,0.0,-90.0,0.0,5.0,12
2026-01-01T00:00:00.433Z,13,47.3843531,8.5451792,465.478,0.0,-90.0,0.0,5.0,12
2026-01-01T00:00:00.467Z,14,47.3843531,8.5451792,465.478,0.0,-90.0,0.0,5.0,12
2026-01-01T00:00:00.500Z,15,47.3843531,8.5451792,465.478,0.0,-90.0,0.0,5.0,12
2026-01-01T00:00:00.533Z,16,47.3843531,8.5451792,465.478,0.0,-90.0,0.0,5.0,12
2026-01-01T00:00:00.567Z,17,47.3843531,8.5451792,465.478,0.0,-90.0,0.0,5.0,12
2026-01-01T00:00:00.600Z,18,47.384351,8.54518,465.851,0.0,-90.0,0.0,5.0,12
2026-01-01T00:00:00.633Z,19,47.384351,8.54518,465.851,0.0,-90.0,0.0,5.0,12
2026-01-01T00:00:00.667Z,20,47.384351,8.54518,465.851,0.0,-90.0,0.0,5.0,12
2026-01-01T00:00:00.700Z,21,47.384351,8.54518,465.851,0.0,-90.0,0.0,5.0,12
2026-01-01T00:00:00.733Z,22,47.384351,8.54518,465.851,0.0,-90.0,0.0,5.0,12
2026-01-01T00:00:00.767Z,23,47.384351,8.54518,465.851,0.0,-90.0,0.0,5.0,12
2026-01-01T00:00:00.800Z,24,47.3843499,8.5451802,466.247,0.0,-90.0,0.0,5.0,12
2026-01-01T00:00:00.833Z,25,47.3843499,8.5451802,466.247,0.0,-90.0,0.0,5.0,12
2026-01-01T00:00:00.867Z,26,47.3843499,8.5451802,466.247,0.0,-90.0,0.0,5.0,12
2026-01-01T00:00:00.900Z,27,47.3843499,8.5451802,466.247,0.0,-90.0,0.0,5.0,12
2026-01-01T00:00:00.933Z,28,47.3843499,8.5451802,466.247,0.0,-90.0,0.0,5.0,12
2026-01-01T00:00:00.967Z,29,47.3843499,8.5451802,466.247,0.0,-90.0,0.0,5.0,12
2026-01-01T00:00:01.000Z,30,47.3843499,8.5451832,466.324,0.0,-90.0,0.0,5.0,12
2026-01-01T00:00:01.033Z,31,47.3843499,8.5451832,466.324,0.0,-90.0,0.0,5.0,12
2026-01-01T00:00:01.067Z,32,47.3843499,8.5451832,466.324,0.0,-90.0,0.0,5.0,12
2026-01-01T00:00:01.100Z,33,47.3843499,8.5451832,466.324,0.0,-90.0,0.0,5.0,12
2026-01-01T00:00:01.133Z,34,47.3843499,8.5451832,466.324,0.0,-90.0,0.0,5.0,12
2026-01-01T00:00:01.167Z,35,47.3843499,8.5451832,466.324,0.0,-90.0,0.0,5.0,12
2026-01-01T00:00:01.200Z,36,47.3843502,8.5451842,466.501,0.0,-90.0,0.0,5.0,12
2026-01-01T00:00:01.233Z,37,47.3843502,8.5451842,466.501,0.0,-90.0,0.0,5.0,12
2026-01-01T00:00:01.267Z,38,47.3843502,8.5451842,466.501,0.0,-90.0,0.0,5.0,12
2026-01-01T00:00:01.300Z,39,47.3843502,8.5451842,466.501,0.0,-90.0,0.0,5.0,12
2026-01-01T00:00:01.333Z,40,47.3843502,8.5451842,466.501,0.0,-90.0,0.0,5.0,12
2026-01-01T00:00:01.367Z,41,47.3843502,8.5451842,466.501,0.0,-90.0,0.0,5.0,12
2026-01-01T00:00:01.400Z,42,47.3843498,8.545184,466.894,0.0,-90.0,0.0,5.0,12
2026-01-01T00:00:01.433Z,43,47.3843498,8.545184,466.894,0.0,-90.0,0.0,5.0,12
2026-01-01T00:00:01.467Z,44,47.3843498,8.545184,466.894,0.0,-90.0,0.0,5.0,12
2026-01-01T00:00:01.500Z,45,47.3843498,8.545184,466.894,0.0,-90.0,0.0,5.0,12
2026-01-01T00:00:01.533Z,46,47.3843498,8.545184,466.894,0.0,-90.0,0.0,5.0,12
2026-01-01T00:00:01.567Z,47,47.3843498,8.545184,466.894,0.0,-90.0,0.0,5.0,12
2026-01-01T00:00:01.600Z,48,47.3843499,8.5451857,467.132,0.0,-90.0,0.0,5.0,12
2026-01-01T00:00:01.633Z,49,47.3843499,8.5451857,467.132,0.0,-90.0,0.0,5.0,12
2026-01-01T00:00:01.667Z,50,47.3843499,8.5451857,467.132,0.0,-90.0,0.0,5.0,12
2026-01-01T00:00:01.700Z,51,47.3843499,8.5451857,467.132,0.0,-90.0,0.0,5.0,12
2026-01-01T00:00:01.733Z,52,47.3843499,8.5451857,467.132,0.0,-90.0,0.0,5.0,12
2026-01-01T00:00:01.767Z,53,47.3843499,8.5451857,467.132,0.0,-90.0,0.0,5.0,12
2026-01-01T00:00:01.800Z,54,47.3843497,8.5451876,467.235,0.0,-90.0,0.0,5.0,12
2026-01-01T00:00:01.833Z,55,47.3843497,8.5451876,467.235,0.0,-90.0,0.0,5.0,12
2026-01-01T00:00:01.867Z,56,47.3843497,8.5451876,467.235,0.0,-90.0,0.0,5.0,12
2026-01-01T00:00:01.900Z,57,47.3843497,8.5451876,467.235,0.0,-90.0,0.0,5.0,12
2026-01-01T00:00:01.933Z,58,47.3843497,8.5451876,467.235,0.0,-90.0,0.0,5.0,12
2026-01-01T00:00:01.967Z,59,47.3843497,8.5451876,467.235,0.0,-90.0,0.0,5.0,12
2026-01-01T00:00:02.000Z,60,47.3843498,8.5451899,467.265,0.0,-90.0,0.0,5.0,12
2026-01-01T00:00:02.033Z,61,47.3843498,8.5451899,467.265,0.0,-90.0,0.0,5.0,12
2026-01-01T00:00:02.067Z,62,47.3843498,8.5451899,467.265,0.0,-90.0,0.0,5.0,12
2026-01-01T00:00:02.100Z,63,47.3843498,8.5451899,467.265,0.0,-90.0,0.0,5.0,12
2026-01-01T00:00:02.133Z,64,47.3843498,8.5451899,467.265,0.0,-90.0,0.0,5.0,12
2026-01-01T00:00:02.167Z,65,47.3843498,8.5451899,467.265,0.0,-90.0,0.0,5.0,12
2026-01-01T00:00:02.200Z,66,47.3843494,8.5451919,467.39,0.0,-90.0,0.0,5.0,12
2026-01-01T00:00:02.233Z,67,47.3843494,8.5451919,467.39,0.0,-90.0,0.0,5.0,12
2026-01-01T00:00:02.267Z,68,47.3843494,8.5451919,467.39,0.0,-90.0,0.0,5.0,12
2026-01-01T00:00:02.300Z,69,47.3843494,8.5451919,467.39,0.0,-90.0,0.0,5.0,12
2026-01-01T00:00:02.333Z,70,47.3843494,8.5451919,467.39,0.0,-90.0,0.0,5.0,12
2026-01-01T00:00:02.367Z,71,47.3843494,8.5451919,467.39,0.0,-90.0,0.0,5.0,12
2026-01-01T00:00:02.400Z,72,47.3843489,8.5451931,467.487,0.0,-90.0,0.0,5.0,12
2026-01-01T00:00:02.433Z,73,47.3843489,8.5451931,467.487,0.0,-90.0,0.0,5.0,12
2026-01-01T00:00:02.467Z,74,47.3843489,8.5451931,467.487,0.0,-90.0,0.0,5.0,12
2026-01-01T00:00:02.500Z,75,47.3843489,8.5451931,467.487,0.0,-90.0,0.0,5.0,12
2026-01-01T00:00:02.533Z,76,47.3843489,8.5451931,467.487,0.0,-90.0,0.0,5.0,12
2026-01-01T00:00:02.567Z,77,47.3843489,8.5451931,467.487,0.0,-90.0,0.0,5.0,12
2026-01-01T00:00:02.600Z,78,47.3843488,8.5451926,467.611,0.0,-90.0,0.0,5.0,12
2026-01-01T00:00:02.633Z,79,47.3843488,8.5451926,467.611,0.0,-90.0,0.0,5.0,12
2026-01-01T00:00:02.667Z,80,47.3843488,8.5451926,467.611,0.0,-90.0,0.0,5.0,12
2026-01-01T00:00:02.700Z,81,47.3843488,8.5451926,467.611,0.0,-90.0,0.0,5.0,12
2026-01-01T00:00:02.733Z,82,47.3843488,8.5451926,467.611,0.0,-90.0,0.0,5.0,12
2026-01-01T00:00:02.767Z,83,47.3843488,8.5451926,467.611,0.0,-90.0,0.0,5.0,12
2026-01-01T00:00:02.800Z,84,47.3843491,8.5451931,467.714,0.0,-90.0,0.0,5.0,12
2026-01-01T00:00:02.833Z,85,47.3843491,8.5451931,467.714,0.0,-90.0,0.0,5.0,12
2026-01-01T00:00:02.867Z,86,47.3843491,8.5451931,467.714,0.0,-90.0,0.0,5.0,12
2026-01-01T00:00:02.900Z,87,47.3843491,8.5451931,467.714,0.0,-90.0,0.0,5.0,12
2026-01-01T00:00:02.933Z,88,47.3843491,8.5451931,467.714,0.0,-90.0,0.0,5.0,12
2026-01-01T00:00:02.967Z,89,47.3843491,8.5451931,467.714,0.0,-90.0,0.0,5.0,12
2026-01-01T00:00:03.000Z,90,47.3843495,8.545194,467.741,0.0,-90.0,0.0,5.0,12
2026-01-01T00:00:03.033Z,91,47.3843495,8.545194,467.741,0.0,-90.0,0.0,5.0,12
2026-01-01T00:00:03.067Z,92,47.3843495,8.545194,467.741,0.0,-90.0,0.0,5.0,12
2026-01-01T00:00:03.100Z,93,47.3843495,8.545194,467.741,0.0,-90.0,0.0,5.0,12
2026-01-01T00:00:03.133Z,94,47.3843495,8.545194,467.741,0.0,-90.0,0.0,5.0,12
2026-01-01T00:00:03.167Z,95,47.3843495,8.545194,467.741,0.0,-90.0,0.0,5.0,12
2026-01-01T00:00:03.200Z,96,47.3843507,8.5451956,467.662,0.0,-90.0,0.0,5.0,12
2026-01-01T00:00:03.233Z,97,47.3843507,8.5451956,467.662,0.0,-90.0,0.0,5.0,12
2026-01-01T00:00:03.267Z,98,47.3843507,8.5451956,467.662,0.0,-90.0,0.0,5.0,12
2026-01-01T00:00:03.300Z,99,47.3843507,8.5451956,467.662,0.0,-90.0,0.0,5.0,12
2026-01-01T00:00:03.333Z,100,47.3843507,8.5451956,467.662,0.0,-90.0,0.0,5.0,12
2026-01-01T00:00:03.367Z,101,47.3843507,8.5451956,467.662,0.0,-90.0,0.0,5.0,12
2026-01-01T00:00:03.400Z,102,47.3843516,8.5451967,467.643,0.0,-90.0,0.0,5.0,12
2026-01-01T00:00:03.433Z,103,47.3843516,8.5451967,467.643,0.0,-90.0,0.0,5.0,12
2026-01-01T00:00:03.467Z,104,47.3843516,8.5451967,467.643,0.0,-90.0,0.0,5.0,12
2026-01-01T00:00:03.500Z,105,47.3843516,8.5451967,467.643,0.0,-90.0,0.0,5.0,12
2026-01-01T00:00:03.533Z,106,47.3843516,8.5451967,467.643,0.0,-90.0,0.0,5.0,12
2026-01-01T00:00:03.567Z,107,47.3843516,8.5451967,467.643,0.0,-90.0,0.0,5.0,12
2026-01-01T00:00:03.600Z,108,47.3843514,8.5451973,467.634,0.0,-90.0,0.0,5.0,12
2026-01-01T00:00:03.633Z,109,47.3843514,8.5451973,467.634,0.0,-90.0,0.0,5.0,12
2026-01-01T00:00:03.667Z,110,47.3843514,8.5451973,467.634,0.0,-90.0,0.0,5.0,12
2026-01-01T00:00:03.700Z,111,47.3843514,8.5451973,467.634,0.0,-90.0,0.0,5.0,12
2026-01-01T00:00:03.733Z,112,47.3843514,8.5451973,467.634,0.0,-90.0,0.0,5.0,12
2026-01-01T00:00:03.767Z,113,47.3843514,8.5451973,467.634,0.0,-90.0,0.0,5.0,12
2026-01-01T00:00:03.800Z,114,47.3843532,8.5452011,467.466,0.0,-90.0,0.0,5.0,12
2026-01-01T00:00:03.833Z,115,47.3843532,8.5452011,467.466,0.0,-90.0,0.0,5.0,12
2026-01-01T00:00:03.867Z,116,47.3843532,8.5452011,467.466,0.0,-90.0,0.0,5.0,12
2026-01-01T00:00:03.900Z,117,47.3843532,8.5452011,467.466,0.0,-90.0,0.0,5.0,12
2026-01-01T00:00:03.933Z,118,47.3843532,8.5452011,467.466,0.0,-90.0,0.0,5.0,12
2026-01-01T00:00:03.967Z,119,47.3843532,8.5452011,467.466,0.0,-90.0,0.0,5.0,12
2026-01-01T00:00:04.000Z,120,47.3843539,8.545201,467.508,0.0,-90.0,0.0,5.0,12
2026-01-01T00:00:04.033Z,121,47.3843539,8.545201,467.508,0.0,-90.0,0.0,5.0,12
2026-01-01T00:00:04.067Z,122,47.3843539,8.545201,467.508,0.0,-90.0,0.0,5.0,12
2026-01-01T00:00:04.100Z,123,47.3843539,8.545201,467.508,0.0,-90.0,0.0,5.0,12
2026-01-01T00:00:04.133Z,124,47.3843539,8.545201,467.508,0.0,-90.0,0.0,5.0,12
2026-01-01T00:00:04.167Z,125,47.3843539,8.545201,467.508,0.0,-90.0,0.0,5.0,12
2026-01-01T00:00:04.200Z,126,47.3843546,8.5452006,467.46,0.0,-90.0,0.0,5.0,12
2026-01-01T00:00:04.233Z,127,47.3843546,8.5452006,467.46,0.0,-90.0,0.0,5.0,12
2026-01-01T00:00:04.267Z,128,47.3843546,8.5452006,467.46,0.0,-90.0,0.0,5.0,12
2026-01-01T00:00:04.300Z,129,47.3843546,8.5452006,467.46,0.0,-90.0,0.0,5.0,12
2026-01-01T00:00:04.333Z,130,47.3843546,8.5452006,467.46,0.0,-90.0,0.0,5.0,12
2026-01-01T00:00:04.367Z,131,47.3843546,8.5452006,467.46,0.0,-90.0,0.0,5.0,12
2026-01-01T00:00:04.400Z,132,47.3843554,8.5452011,467.408,0.0,-90.0,0.0,5.0,12
2026-01-01T00:00:04.433Z,133,47.3843554,8.5452011,467.408,0.0,-90.0,0.0,5.0,12
2026-01-01T00:00:04.467Z,134,47.3843554,8.5452011,467.408,0.0,-90.0,0.0,5.0,12
2026-01-01T00:00:04.500Z,135,47.3843554,8.5452011,467.408,0.0,-90.0,0.0,5.0,12
2026-01-01T00:00:04.533Z,136,47.3843554,8.5452011,467.408,0.0,-90.0,0.0,5.0,12
2026-01-01T00:00:04.567Z,137,47.3843554,8.5452011,467.408,0.0,-90.0,0.0,5.0,12
2026-01-01T00:00:04.600Z,138,47.3843553,8.5452003,467.371,0.0,-90.0,0.0,5.0,12
2026-01-01T00:00:04.633Z,139,47.3843553,8.5452003,467.371,0.0,-90.0,0.0,5.0,12
2026-01-01T00:00:04.667Z,140,47.3843553,8.5452003,467.371,0.0,-90.0,0.0,5.0,12
2026-01-01T00:00:04.700Z,141,47.3843553,8.5452003,467.371,0.0,-90.0,0.0,5.0,12
2026-01-01T00:00:04.733Z,142,47.3843553,8.5452003,467.371,0.0,-90.0,0.0,5.0,12
2026-01-01T00:00:04.767Z,143,47.3843553,8.5452003,467.371,0.0,-90.0,0.0,5.0,12
2026-01-01T00:00:04.800Z,144,47.3843559,8.5452015,467.376,0.0,-90.0,0.0,5.0,12
2026-01-01T00:00:04.833Z,145,47.3843559,8.5452015,467.376,0.0,-90.0,0.0,5.0,12
2026-01-01T00:00:04.867Z,146,47.3843559,8.5452015,467.376,0.0,-90.0,0.0,5.0,12
2026-01-01T00:00:04.900Z,147,47.3843559,8.5452015,467.376,0.0,-90.0,0.0,5.0,12
2026-01-01T00:00:04.933Z,148,47.3843559,8.5452015,467.376,0.0,-90.0,0.0,5.0,12
2026-01-01T00:00:04.967Z,149,47.3843559,8.5452015,467.376,0.0,-90.0,0.0,5.0,12
2026-01-01T00:00:05.000Z,150,47.384356,8.5452011,467.237,0.0,-90.0,0.0,5.0,12
2026-01-01T00:00:05.033Z,151,47.384356,8.5452011,467.237,0.0,-90.0,0.0,5.0,12
2026-01-01T00:00:05.067Z,152,47.384356,8.5452011,467.237,0.0,-90.0,0.0,5.0,12
2026-01-01T00:00:05.100Z,153,47.384356,8.5452011,467.237,0.0,-90.0,0.0,5.0,12
2026-01-01T00:00:05.133Z,154,47.384356,8.5452011,467.237,0.0,-90.0,0.0,5.0,12
2026-01-01T00:00:05.167Z,155,47.384356,8.5452011,467.237,0.0,-90.0,0.0,5.0,12
2026-01-01T00:00:05.200Z,156,47.3843566,8.5452008,467.105,0.0,-90.0,0.0,5.0,12
2026-01-01T00:00:05.233Z,157,47.3843566,8.5452008,467.105,0.0,-90.0,0.0,5.0,12
2026-01-01T00:00:05.267Z,158,47.3843566,8.5452008,467.105,0.0,-90.0,0.0,5.0,12
2026-01-01T00:00:05.300Z,159,47.3843566,8.5452008,467.105,0.0,-90.0,0.0,5.0,12
2026-01-01T00:00:05.333Z,160,47.3843566,8.5452008,467.105,0.0,-90.0,0.0,5.0,12
2026-01-01T00:00:05.367Z,161,47.3843566,8.5452008,467.105,0.0,-90.0,0.0,5.0,12
2026-01-01T00:00:05.400Z,162,47.3843577,8.5452006,466.823,0.0,-90.0,0.0,5.0,12
2026-01-01T00:00:05.433Z,163,47.3843577,8.5452006,466.823,0.0,-90.0,0.0,5.0,12
2026-01-01T00:00:05.467Z,164,47.3843577,8.5452006,466.823,0.0,-90.0,0.0,5.0,12
2026-01-01T00:00:05.500Z,165,47.3843577,8.5452006,466.823,0.0,-90.0,0.0,5.0,12
2026-01-01T00:00:05.533Z,166,47.3843577,8.5452006,466.823,0.0,-90.0,0.0,5.0,12
2026-01-01T00:00:05.567Z,167,47.3843577,8.5452006,466.823,0.0,-90.0,0.0,5.0,12
2026-01-01T00:00:05.600Z,168,47.3843574,8.5451985,466.841,0.0,-90.0,0.0,5.0,12
2026-01-01T00:00:05.633Z,169,47.3843574,8.5451985,466.841,0.0,-90.0,0.0,5.0,12
2026-01-01T00:00:05.667Z,170,47.3843574,8.5451985,466.841,0.0,-90.0,0.0,5.0,12
2026-01-01T00:00:05.700Z,171,47.3843574,8.5451985,466.841,0.0,-90.0,0.0,5.0,12
2026-01-01T00:00:05.733Z,172,47.3843574,8.5451985,466.841,0.0,-90.0,0.0,5.0,12
2026-01-01T00:00:05.767Z,173,47.3843574,8.5451985,466.841,0.0,-90.0,0.0,5.0,12
2026-01-01T00:00:05.800Z,174,47.384357,8.5451976,466.887,0.0,-90.0,0.0,5.0,12
2026-01-01T00:00:05.833Z,175,47.384357,8.5451976,466.887,0.0,-90.0,0.0,5.0,12
2026-01-01T00:00:05.867Z,176,47.384357,8.5451976,466.887,0.0,-90.0,0.0,5.0,12
2026-01-01T00:00:05.900Z,177,47.384357,8.5451976,466.887,0.0,-90.0,0.0,5.0,12
2026-01-01T00:00:05.933Z,178,47.384357,8.5451976,466.887,0.0,-90.0,0.0,5.0,12
2026-01-01T00:00:05.967Z,179,47.384357,8.5451976,466.887,0.0,-90.0,0.0,5.0,12
2026-01-01T00:00:06.000Z,180,47.3843575,8.5451976,466.83,0.0,-90.0,0.0,5.0,12
2026-01-01T00:00:06.033Z,181,47.3843575,8.5451976,466.83,0.0,-90.0,0.0,5.0,12
2026-01-01T00:00:06.067Z,182,47.3843575,8.5451976,466.83,0.0,-90.0,0.0,5.0,12
2026-01-01T00:00:06.100Z,183,47.3843575,8.5451976,466.83,0.0,-90.0,0.0,5.0,12
2026-01-01T00:00:06.133Z,184,47.3843575,8.5451976,466.83,0.0,-90.0,0.0,5.0,12
2026-01-01T00:00:06.167Z,185,47.3843575,8.5451976,466.83,0.0,-90.0,0.0,5.0,12
2026-01-01T00:00:06.200Z,186,47.3843587,8.5451976,466.727,0.0,-90.0,0.0,5.0,12
2026-01-01T00:00:06.233Z,187,47.3843587,8.5451976,466.727,0.0,-90.0,0.0,5.0,12
2026-01-01T00:00:06.267Z,188,47.3843587,8.5451976,466.727,0.0,-90.0,0.0,5.0,12
2026-01-01T00:00:06.300Z,189,47.3843587,8.5451976,466.727,0.0,-90.0,0.0,5.0,12
2026-01-01T00:00:06.333Z,190,47.3843587,8.5451976,466.727,0.0,-90.0,0.0,5.0,12
2026-01-01T00:00:06.367Z,191,47.3843587,8.5451976,466.727,0.0,-90.0,0.0,5.0,12
2026-01-01T00:00:06.400Z,192,47.384359,8.5451967,466.714,0.0,-90.0,0.0,5.0,12
2026-01-01T00:00:06.433Z,193,47.384359,8.5451967,466.714,0.0,-90.0,0.0,5.0,12
2026-01-01T00:00:06.467Z,194,47.384359,8.5451967,466.714,0.0,-90.0,0.0,5.0,12
2026-01-01T00:00:06.500Z,195,47.384359,8.5451967,466.714,0.0,-90.0,0.0,5.0,12
2026-01-01T00:00:06.533Z,196,47.384359,8.5451967,466.714,0.0,-90.0,0.0,5.0,12
2026-01-01T00:00:06.567Z,197,47.384359,8.5451967,466.714,0.0,-90.0,0.0,5.0,12
2026-01-01T00:00:06.600Z,198,47.384359,8.5451952,466.661,0.0,-90.0,0.0,5.0,12
2026-01-01T00:00:06.633Z,199,47.384359,8.5451952,466.661,0.0,-90.0,0.0,5.0,12
2026-01-01T00:00:06.667Z,200,47.384359,8.5451952,466.661,0.0,-90.0,0.0,5.0,12
2026-01-01T00:00:06.700Z,201,47.384359,8.5451952,466.661,0.0,-90.0,0.0,5.0,12
2026-01-01T00:00:06.733Z,202,47.384359,8.5451952,466.661,0.0,-90.0,0.0,5.0,12
2026-01-01T00:00:06.767Z,203,47.384359,8.5451952,466.661,0.0,-90.0,0.0,5.0,12
2026-01-01T00:00:06.800Z,204,47.3843596,8.5451948,466.6,0.0,-90.0,0.0,5.0,12
2026-01-01T00:00:06.833Z,205,47.3843596,8.5451948,466.6,0.0,-90.0,0.0,5.0,12
2026-01-01T00:00:06.867Z,206,47.3843596,8.5451948,466.6,0.0,-90.0,0.0,5.0,12
2026-01-01T00:00:06.900Z,207,47.3843596,8.5451948,466.6,0.0,-90.0,0.0,5.0,12
2026-01-01T00:00:06.933Z,208,47.3843596,8.5451948,466.6,0.0,-90.0,0.0,5.0,12
2026-01-01T00:00:06.967Z,209,47.3843596,8.5451948,466.6,0.0,-90.0,0.0,5.0,12
2026-01-01T00:00:07.000Z,210,47.3843593,8.5451929,466.663,0.0,-90.0,0.0,5.0,12
2026-01-01T00:00:07.033Z,211,47.3843593,8.5451929,466.663,0.0,-90.0,0.0,5.0,12
2026-01-01T00:00:07.067Z,212,47.3843593,8.5451929,466.663,0.0,-90.0,0.0,5.0,12
2026-01-01T00:00:07.100Z,213,47.3843593,8.5451929,466.663,0.0,-90.0,0.0,5.0,12
2026-01-01T00:00:07.133Z,214,47.3843593,8.5451929,466.663,0.0,-90.0,0.0,5.0,12
2026-01-01T00:00:07.167Z,215,47.3843593,8.5451929,466.663,0.0,-90.0,0.0,5.0,12
2026-01-01T00:00:07.200Z,216,47.3843602,8.5451932,466.626,0.0,-90.0,0.0,5.0,12
2026-01-01T00:00:07.233Z,217,47.3843602,8.5451932,466.626,0.0,-90.0,0.0,5.0,12
2026-01-01T00:00:07.267Z,218,47.3843602,8.5451932,466.626,0.0,-90.0,0.0,5.0,12
2026-01-01T00:00:07.300Z,219,47.3843602,8.5451932,466.626,0.0,-90.0,0.0,5.0,12
2026-01-01T00:00:07.333Z,220,47.3843602,8.5451932,466.626,0.0,-90.0,0.0,5.0,12
2026-01-01T00:00:07.367Z,221,47.3843602,8.5451932,466.626,0.0,-90.0,0.0,5.0,12
2026-01-01T00:00:07.400Z,222,47.384361,8.5451938,466.629,0.0,-90.0,0.0,5.0,12
2026-01-01T00:00:07.433Z,223,47.384361,8.5451938,466.629,0.0,-90.0,0.0,5.0,12
2026-01-01T00:00:07.467Z,224,47.384361,8.5451938,466.629,0.0,-90.0,0.0,5.0,12
2026-01-01T00:00:07.500Z,225,47.384361,8.5451938,466.629,0.0,-90.0,0.0,5.0,12
2026-01-01T00:00:07.533Z,226,47.384361,8.5451938,466.629,0.0,-90.0,0.0,5.0,12
2026-01-01T00:00:07.567Z,227,47.384361,8.5451938,466.629,0.0,-90.0,0.0,5.0,12
2026-01-01T00:00:07.600Z,228,47.384362,8.5451939,466.53,0.0,-90.0,0.0,5.0,12
2026-01-01T00:00:07.633Z,229,47.384362,8.5451939,466.53,0.0,-90.0,0.0,5.0,12
2026-01-01T00:00:07.667Z,230,47.384362,8.5451939,466.53,0.0,-90.0,0.0,5.0,12
2026-01-01T00:00:07.700Z,231,47.384362,8.5451939,466.53,0.0,-90.0,0.0,5.0,12
2026-01-01T00:00:07.733Z,232,47.384362,8.5451939,466.53,0.0,-90.0,0.0,5.0,12
2026-01-01T00:00:07.767Z,233,47.384362,8.5451939,466.53,0.0,-90.0,0.0,5.0,12
2026-01-01T00:00:07.800Z,234,47.3843622,8.5451944,466.64,0.0,-90.0,0.0,5.0,12
2026-01-01T00:00:07.833Z,235,47.3843622,8.5451944,466.64,0.0,-90.0,0.0,5.0,12
2026-01-01T00:00:07.867Z,236,47.3843622,8.5451944,466.64,0.0,-90.0,0.0,5.0,12
2026-01-01T00:00:07.900Z,237,47.3843622,8.5451944,466.64,0.0,-90.0,0.0,5.0,12
2026-01-01T00:00:07.933Z,238,47.3843622,8.5451944,466.64,0.0,-90.0,0.0,5.0,12
2026-01-01T00:00:07.967Z,239,47.3843622,8.5451944,466.64,0.0,-90.0,0.0,5.0,12
2026-01-01T00:00:08.000Z,240,47.3843618,8.5451942,466.742,0.0,-90.0,0.0,5.0,12
2026-01-01T00:00:08.033Z,241,47.3843618,8.5451942,466.742,0.0,-90.0,0.0,5.0,12
2026-01-01T00:00:08.067Z,242,47.3843618,8.5451942,466.742,0.0,-90.0,0.0,5.0,12
2026-01-01T00:00:08.100Z,243,47.3843618,8.5451942,466.742,0.0,-90.0,0.0,5.0,12
2026-01-01T00:00:08.133Z,244,47.3843618,8.5451942,466.742,0.0,-90.0,0.0,5.0,12
2026-01-01T00:00:08.167Z,245,47.3843618,8.5451942,466.742,0.0,-90.0,0.0,5.0,12
2026-01-01T00:00:08.200Z,246,47.3843632,8.5451955,466.524,0.0,-90.0,0.0,5.0,12
2026-01-01T00:00:08.233Z,247,47.3843632,8.5451955,466.524,0.0,-90.0,0.0,5.0,12
2026-01-01T00:00:08.267Z,248,47.3843632,8.5451955,466.524,0.0,-90.0,0.0,5.0,12
2026-01-01T00:00:08.300Z,249,47.3843632,8.5451955,466.524,0.0,-90.0,0.0,5.0,12
2026-01-01T00:00:08.333Z,250,47.3843632,8.5451955,466.524,0.0,-90.0,0.0,5.0,12
2026-01-01T00:00:08.367Z,251,47.3843632,8.5451955,466.524,0.0,-90.0,0.0,5.0,12
2026-01-01T00:00:08.400Z,252,47.384363,8.5451954,466.561,0.0,-90.0,0.0,5.0,12
2026-01-01T00:00:08.433Z,253,47.384363,8.5451954,466.561,0.0,-90.0,0.0,5.0,12
2026-01-01T00:00:08.467Z,254,47.384363,8.5451954,466.561,0.0,-90.0,0.0,5.0,12
2026-01-01T00:00:08.500Z,255,47.384363,8.5451954,466.561,0.0,-90.0,0.0,5.0,12
2026-01-01T00:00:08.533Z,256,47.384363,8.5451954,466.561,0.0,-90.0,0.0,5.0,12
2026-01-01T00:00:08.567Z,257,47.384363,8.5451954,466.561,0.0,-90.0,0.0,5.0,12
2026-01-01T00:00:08.600Z,258,47.3843626,8.5451957,466.728,0.0,-90.0,0.0,5.0,12
2026-01-01T00:00:08.633Z,259,47.3843626,8.5451957,466.728,0.0,-90.0,0.0,5.0,12
2026-01-01T00:00:08.667Z,260,47.3843626,8.5451957,466.728,0.0,-90.0,0.0,5.0,12
2026-01-01T00:00:08.700Z,261,47.3843626,8.5451957,466.728,0.0,-90.0,0.0,5.0,12
2026-01-01T00:00:08.733Z,262,47.3843626,8.5451957,466.728,0.0,-90.0,0.0,5.0,12
2026-01-01T00:00:08.767Z,263,47.3843626,8.5451957,466.728,0.0,-90.0,0.0,5.0,12
2026-01-01T00:00:08.800Z,264,47.3843626,8.5451955,466.691,0.0,-90.0,0.0,5.0,12
2026-01-01T00:00:08.833Z,265,47.3843626,8.5451955,466.691,0.0,-90.0,0.0,5.0,12
2026-01-01T00:00:08.867Z,266,47.3843626,8.5451955,466.691,0.0,-90.0,0.0,5.0,12
2026-01-01T00:00:08.900Z,267,47.3843626,8.5451955,466.691,0.0,-90.0,0.0,5.0,12
2026-01-01T00:00:08.933Z,268,47.3843626,8.5451955,466.691,0.0,-90.0,0.0,5.0,12
2026-01-01T00:00:08.967Z,269,47.3843626,8.5451955,466.691,0.0,-90.0,0.0,5.0,12
2026-01-01T00:00:09.000Z,270,47.3843626,8.5451949,466.695,0.0,-90.0,0.0,5.0,12
2026-01-01T00:00:09.033Z,271,47.3843626,8.5451949,466.695,0.0,-90.0,0.0,5.0,12
2026-01-01T00:00:09.067Z,272,47.3843626,8.5451949,466.695,0.0,-90.0,0.0,5.0,12
2026-01-01T00:00:09.100Z,273,47.3843626,8.5451949,466.695,0.0,-90.0,0.0,5.0,12
2026-01-01T00:00:09.133Z,274,47.3843626,8.5451949,466.695,0.0,-90.0,0.0,5.0,12
2026-01-01T00:00:09.167Z,275,47.3843626,8.5451949,466.695,0.0,-90.0,0.0,5.0,12
2026-01-01T00:00:09.200Z,276,47.3843628,8.5451942,466.748,0.0,-90.0,0.0,5.0,12
2026-01-01T00:00:09.233Z,277,47.3843628,8.5451942,466.748,0.0,-90.0,0.0,5.0,12
2026-01-01T00:00:09.267Z,278,47.3843628,8.5451942,466.748,0.0,-90.0,0.0,5.0,12
2026-01-01T00:00:09.300Z,279,47.3843628,8.5451942,466.748,0.0,-90.0,0.0,5.0,12
2026-01-01T00:00:09.333Z,280,47.3843628,8.5451942,466.748,0.0,-90.0,0.0,5.0,12
2026-01-01T00:00:09.367Z,281,47.3843628,8.5451942,466.748,0.0,-90.0,0.0,5.0,12
2026-01-01T00:00:09.400Z,282,47.3843628,8.5451934,466.734,0.0,-90.0,0.0,5.0,12
2026-01-01T00:00:09.433Z,283,47.3843628,8.5451934,466.734,0.0,-90.0,0.0,5.0,12
2026-01-01T00:00:09.467Z,284,47.3843628,8.5451934,466.734,0.0,-90.0,0.0,5.0,12
2026-01-01T00:00:09.500Z,285,47.3843628,8.5451934,466.734,0.0,-90.0,0.0,5.0,12
2026-01-01T00:00:09.533Z,286,47.3843628,8.5451934,466.734,0.0,-90.0,0.0,5.0,12
2026-01-01T00:00:09.567Z,287,47.3843628,8.5451934,466.734,0.0,-90.0,0.0,5.0,12
2026-01-01T00:00:09.600Z,288,47.384362,8.5451927,466.891,0.0,-90.0,0.0,5.0,12
2026-01-01T00:00:09.633Z,289,47.384362,8.5451927,466.891,0.0,-90.0,0.0,5.0,12
2026-01-01T00:00:09.667Z,290,47.384362,8.5451927,466.891,0.0,-90.0,0.0,5.0,12
2026-01-01T00:00:09.700Z,291,47.384362,8.5451927,466.891,0.0,-90.0,0.0,5.0,12
2026-01-01T00:00:09.733Z,292,47.384362,8.5451927,466.891,0.0,-90.0,0.0,5.0,12
2026-01-01T00:00:09.767Z,293,47.384362,8.5451927,466.891,0.0,-90.0,0.0,5.0,12
2026-01-01T00:00:09.800Z,294,47.3843624,8.5451925,466.766,0.0,-90.0,0.0,5.0,12
2026-01-01T00:00:09.833Z,295,47.3843624,8.5451925,466.766,0.0,-90.0,0.0,5.0,12
2026-01-01T00:00:09.867Z,296,47.3843624,8.5451925,466.766,0.0,-90.0,0.0,5.0,12
2026-01-01T00:00:09.900Z,297,47.3843624,8.5451925,466.766,0.0,-90.0,0.0,5.0,12
2026-01-01T00:00:09.933Z,298,47.3843624,8.5451925,466.766,0.0,-90.0,0.0,5.0,12
2026-01-01T00:00:09.967Z,299,47.3843624,8.5451925,466.766,0.0,-90.0,0.0,5.0,12
2026-01-01T00:00:10.000Z,300,47.3843622,8.5451917,466.789,0.0,-90.0,0.0,5.0,12
2026-01-01T00:00:10.033Z,301,47.3843622,8.5451917,466.789,0.0,-90.0,0.0,5.0,12
2026-01-01T00:00:10.067Z,302,47.3843622,8.5451917,466.789,0.0,-90.0,0.0,5.0,12
2026-01-01T00:00:10.100Z,303,47.3843622,8.5451917,466.789,0.0,-90.0,0.0,5.0,12
2026-01-01T00:00:10.133Z,304,47.3843622,8.5451917,466.789,0.0,-90.0,0.0,5.0,12
2026-01-01T00:00:10.167Z,305,47.3843622,8.5451917,466.789,0.0,-90.0,0.0,5.0,12
2026-01-01T00:00:10.200Z,306,47.3843616,8.5451908,466.795,0.0,-90.0,0.0,5.0,12
2026-01-01T00:00:10.233Z,307,47.3843616,8.5451908,466.795,0.0,-90.0,0.0,5.0,12
2026-01-01T00:00:10.267Z,308,47.3843616,8.5451908,466.795,0.0,-90.0,0.0,5.0,12
2026-01-01T00:00:10.300Z,309,47.3843616,8.5451908,466.795,0.0,-90.0,0.0,5.0,12
2026-01-01T00:00:10.333Z,310,47.3843616,8.5451908,466.795,0.0,-90.0,0.0,5.0,12
2026-01-01T00:00:10.367Z,311,47.3843616,8.5451908,466.795,0.0,-90.0,0.0,5.0,12
2026-01-01T00:00:10.400Z,312,47.3843612,8.5451906,466.75,0.0,-90.0,0.0,5.0,12
2026-01-01T00:00:10.433Z,313,47.3843612,8.5451906,466.75,0.0,-90.0,0.0,5.0,12
2026-01-01T00:00:10.467Z,314,47.3843612,8.5451906,466.75,0.0,-90.0,0.0,5.0,12
2026-01-01T00:00:10.500Z,315,47.3843612,8.5451906,466.75,0.0,-90.0,0.0,5.0,12
2026-01-01T00:00:10.533Z,316,47.3843612,8.5451906,466.75,0.0,-90.0,0.0,5.0,12
2026-01-01T00:00:10.567Z,317,47.3843612,8.5451906,466.75,0.0,-90.0,0.0,5.0,12
2026-01-01T00:00:10.600Z,318,47.384361,8.5451905,466.749,0.0,-90.0,0.0,5.0,12
2026-01-01T00:00:10.633Z,319,47.384361,8.5451905,466.749,0.0,-90.0,0.0,5.0,12
2026-01-01T00:00:10.667Z,320,47.384361,8.5451905,466.749,0.0,-90.0,0.0,5.0,12
2026-01-01T00:00:10.700Z,321,47.384361,8.5451905,466.749,0.0,-90.0,0.0,5.0,12
2026-01-01T00:00:10.733Z,322,47.384361,8.5451905,466.749,0.0,-90.0,0.0,5.0,12
2026-01-01T00:00:10.767Z,323,47.384361,8.5451905,466.749,0.0,-90.0,0.0,5.0,12
2026-01-01T00:00:10.800Z,324,47.3843603,8.5451897,466.809,0.0,-90.0,0.0,5.0,12
2026-01-01T00:00:10.833Z,325,47.3843603,8.5451897,466.809,0.0,-90.0,0.0,5.0,12
2026-01-01T00:00:10.867Z,326,47.3843603,8.5451897,466.809,0.0,-90.0,0.0,5.0,12
2026-01-01T00:00:10.900Z,327,47.3843603,8.5451897,466.809,0.0,-90.0,0.0,5.0,12
2026-01-01T00:00:10.933Z,328,47.3843603,8.5451897,466.809,0.0,-90.0,0.0,5.0,12
2026-01-01T00:00:10.967Z,329,47.3843603,8.5451897,466.809,0.0,-90.0,0.0,5.0,12
2026-01-01T00:00:11.000Z,330,47.3843595,8.5451878,466.886,0.0,-90.0,0.0,5.0,12
2026-01-01T00:00:11.033Z,331,47.3843595,8.5451878,466.886,0.0,-90.0,0.0,5.0,12
2026-01-01T00:00:11.067Z,332,47.3843595,8.5451878,466.886,0.0,-90.0,0.0,5.0,12
2026-01-01T00:00:11.100Z,333,47.3843595,8.5451878,466.886,0.0,-90.0,0.0,5.0,12
2026-01-01T00:00:11.133Z,334,47.3843595,8.5451878,466.886,0.0,-90.0,0.0,5.0,12
2026-01-01T00:00:11.167Z,335,47.3843595,8.5451878,466.886,0.0,-90.0,0.0,5.0,12
2026-01-01T00:00:11.200Z,336,47.3843588,8.5451868,466.871,0.0,-90.0,0.0,5.0,12
2026-01-01T00:00:11.233Z,337,47.3843588,8.5451868,466.871,0.0,-90.0,0.0,5.0,12
2026-01-01T00:00:11.267Z,338,47.3843588,8.5451868,466.871,0.0,-90.0,0.0,5.0,12
2026-01-01T00:00:11.300Z,339,47.3843588,8.5451868,466.871,0.0,-90.0,0.0,5.0,12
2026-01-01T00:00:11.333Z,340,47.3843588,8.5451868,466.871,0.0,-90.0,0.0,5.0,12
2026-01-01T00:00:11.367Z,341,47.3843588,8.5451868,466.871,0.0,-90.0,0.0,5.0,12
2026-01-01T00:00:11.400Z,342,47.3843582,8.5451855,466.856,0.0,-90.0,0.0,5.0,12
2026-01-01T00:00:11.433Z,343,47.3843582,8.5451855,466.856,0.0,-90.0,0.0,5.0,12
2026-01-01T00:00:11.467Z,344,47.3843582,8.5451855,466.856,0.0,-90.0,0.0,5.0,12
2026-01-01T00:00:11.500Z,345,47.3843582,8.5451855,466.856,0.0,-90.0,0.0,5.0,12
2026-01-01T00:00:11.533Z,346,47.3843582,8.5451855,466.856,0.0,-90.0,0.0,5.0,12
2026-01-01T00:00:11.567Z,347,47.3843582,8.5451855,466.856,0.0,-90.0,0.0,5.0,12
2026-01-01T00:00:11.600Z,348,47.3843587,8.5451869,466.716,0.0,-90.0,0.0,5.0,12
2026-01-01T00:00:11.633Z,349,47.3843587,8.5451869,466.716,0.0,-90.0,0.0,5.0,12
