frame,altitude_m
0,63.0
1,63.12755218277684
2,63.25365914835555
3,63.376892054426335
4,63.49585462292205
5,63.60919896040661
6,63.7156408302462
7,63.81397420352354
8,63.903084923827365
9,63.9819633310898
10,64.04971570143836
11,64.1055743734445
12,64.1489064460344
13,64.17922094951102
14,64.1961744084369
15,64.19957473334814
16,64.18938339720481
17,64.16571587191766
18,64.12884032000524
19,64.07917455620546
20,64.0172813134676
21,63.943861866963175
22,63.859748088357975
23,63.76589302037378
24,63.66336007843343
25,63.55331100173919
26,63.436992690303384
27,63.315723077073024
28,63.190876195222884
29,63.06386660981062
30,62.93613339018938
31,62.809123804777116
32,62.684276922926976
33,62.563007309696616
34,62.44668899826081
35,62.33663992156657
36,62.23410697962622
37,62.140251911642025
38,62.056138133036825
39,61.982718686532394
40,61.92082544379454
41,61.87115967999476
42,61.834284128082345
43,61.81061660279519
44,61.80042526665186
45,61.8038255915631
46,61.82077905048897
47,61.8510935539656
48,61.8944256265555
49,61.95028429856165
50,62.0180366689102
51,62.096915076172635
52,62.18602579647646
53,62.2843591697538
54,62.39080103959339
55,62.50414537707795
56,62.623107945573665
57,62.74634085164445
58,62.87244781722316
59,63.0
