timestamp_utc,frame,latitude,longitude,altitude_m,compass_heading_deg,gimbal_pitch_deg,gimbal_yaw_deg,speed_mps,satellites
2026-01-01T00:00:00Z,0,22.946263128106875,72.36702102194506,63.0,90,-60,0,1.7,18
2026-01-01T00:00:00.100000Z,1,22.946264116074534,72.36702265481651,63.12755218277684,90,-60,0,1.7,18
2026-01-01T00:00:00.200000Z,2,22.946265101319405,72.36702428774069,63.25365914835555,90,-60,0,1.7,18
2026-01-01T00:00:00.300000Z,3,22.946266081126435,72.36702592077016,63.376892054426335,90,-60,0,1.7,18
2026-01-01T00:00:00.400000Z,4,22.94626705279598,72.3670275539572,63.49585462292205,90,-60,0,1.7,18
2026-01-01T00:00:00.500000Z,5,22.94626801365148,72.3670291873536,63.60919896040661,90,-60,0,1.7,18
2026-01-01T00:00:00.600000Z,6,22.946268961047007,72.3670308210106,63.7156408302462,90,-60,0,1.7,18
2026-01-01T00:00:00.700000Z,7,22.946269892374794,72.36703245497866,63.81397420352354,90,-60,0,1.7,18
2026-01-01T00:00:00.800000Z,8,22.946270805072626,72.36703408930741,63.903084923827365,90,-60,0,1.7,18
2026-01-01T00:00:00.900000Z,9,22.946271696631083,72.36703572404541,63.9819633310898,90,-60,0,1.7,18
2026-01-01T00:00:01Z,10,22.946272564600687,72.36703735924009,64.04971570143836,90,-60,0,1.7,18
2026-01-01T00:00:01.100000Z,11,22.946273406598802,72.36703899493754,64.1055743734445,90,-60,0,1.7,18
2026-01-01T00:00:01.200000Z,12,22.946274220316425,72.3670406311825,64.1489064460344,90,-60,0,1.7,18
2026-01-01T00:00:01.300000Z,13,22.946275003524725,72.3670422680181,64.17922094951102,90,-60,0,1.7,18
2026-01-01T00:00:01.400000Z,14,22.946275754081324,72.36704390548582,64.1961744084369,90,-60,0,1.7,18
2026-01-01T00:00:01.500000Z,15,22.946276469936436,72.36704554362531,64.19957473334814,90,-60,0,1.7,18
2026-01-01T00:00:01.600000Z,16,22.946277149138602,72.3670471824744,64.18938339720481,90,-60,0,1.7,18
2026-01-01T00:00:01.700000Z,17,22.946277789840302,72.36704882206881,64.16571587191766,90,-60,0,1.7,18
2026-01-01T00:00:01.800000Z,18,22.946278390303107,72.3670504624422,64.12884032000524,90,-60,0,1.7,18
2026-01-01T00:00:01.900000Z,19,22.94627894890267,72.36705210362602,64.07917455620546,90,-60,0,1.7,18
2026-01-01T00:00:02Z,20,22.94627946413333,72.36705374564941,64.0172813134676,90,-60,0,1.7,18
2026-01-01T00:00:02.100000Z,21,22.946279934612306,72.36705538853916,63.943861866963175,90,-60,0,1.7,18
2026-01-01T00:00:02.200000Z,22,22.946280359083733,72.36705703231955,63.859748088357975,90,-60,0,1.7,18
2026-01-01T00:00:02.300000Z,23,22.94628073642211,72.36705867701237,63.76589302037378,90,-60,0,1.7,18
2026-01-01T00:00:02.400000Z,24,22.946281065635564,72.36706032263685,63.66336007843343,90,-60,0,1.7,18
2026-01-01T00:00:02.500000Z,25,22.94628134586864,72.36706196920952,63.55331100173919,90,-60,0,1.7,18
2026-01-01T00:00:02.600000Z,26,22.94628157640471,72.36706361674423,63.436992690303384,90,-60,0,1.7,18
2026-01-01T00:00:02.700000Z,27,22.946281756668018,72.3670652652522,63.315723077073024,90,-60,0,1.7,18
2026-01-01T00:00:02.800000Z,28,22.946281886225336,72.36706691474173,63.190876195222884,90,-60,0,1.7,18
2026-01-01T00:00:02.900000Z,29,22.946281964787115,72.36706856521847,63.06386660981062,90,-60,0,1.7,18
2026-01-01T00:00:03Z,30,22.94628199220842,72.36707021668524,62.93613339018938,90,-60,0,1.7,18
2026-01-01T00:00:03.100000Z,31,22.94628196848924,72.36707186914197,62.809123804777116,90,-60,0,1.7,18
2026-01-01T00:00:03.200000Z,32,22.94628189377455,72.36707352258591,62.684276922926976,90,-60,0,1.7,18
2026-01-01T00:00:03.300000Z,33,22.946281768353842,72.36707517701146,62.563007309696616,90,-60,0,1.7,18
2026-01-01T00:00:03.400000Z,34,22.946281592660384,72.36707683241018,62.44668899826081,90,-60,0,1.7,18
2026-01-01T00:00:03.500000Z,35,22.946281367269904,72.36707848877097,62.33663992156657,90,-60,0,1.7,18
2026-01-01T00:00:03.600000Z,36,22.946281092899053,72.36708014607993,62.23410697962622,90,-60,0,1.7,18
2026-01-01T00:00:03.700000Z,37,22.946280770403273,72.3670818043205,62.140251911642025,90,-60,0,1.7,18
2026-01-01T00:00:03.800000Z,38,22.946280400774448,72.3670834634735,62.056138133036825,90,-60,0,1.7,18
2026-01-01T00:00:03.900000Z,39,22.946279985138066,72.36708512351711,61.982718686532394,90,-60,0,1.7,18
2026-01-01T00:00:04Z,40,22.946279524749997,72.36708678442703,61.92082544379454,90,-60,0,1.7,18
2026-01-01T00:00:04.100000Z,41,22.946279020993018,72.36708844617648,61.87115967999476,90,-60,0,1.7,18
2026-01-01T00:00:04.200000Z,42,22.946278475372797,72.36709010873635,61.834284128082345,90,-60,0,1.7,18
2026-01-01T00:00:04.300000Z,43,22.94627788951368,72.36709177207513,61.81061660279519,90,-60,0,1.7,18
2026-01-01T00:00:04.400000Z,44,22.946277265154084,72.36709343615922,61.80042526665186,90,-60,0,1.7,18
2026-01-01T00:00:04.500000Z,45,22.946276604141534,72.36709510095284,61.8038255915631,90,-60,0,1.7,18
2026-01-01T00:00:04.600000Z,46,22.9462759084275,72.36709676641819,61.82077905048897,90,-60,0,1.7,18
2026-01-01T00:00:04.700000Z,47,22.946275180061754,72.36709843251559,61.8510935539656,90,-60,0,1.7,18
2026-01-01T00:00:04.800000Z,48,22.94627442118669,72.36710009920361,61.8944256265555,90,-60,0,1.7,18
2026-01-01T00:00:04.900000Z,49,22.94627363403111,72.36710176643905,61.95028429856165,90,-60,0,1.7,18
2026-01-01T00:00:05Z,50,22.946272820904053,72.36710343417725,62.0180366689102,90,-60,0,1.7,18
2026-01-01T00:00:05.100000Z,51,22.946271984188122,72.36710510237207,62.096915076172635,90,-60,0,1.7,18
2026-01-01T00:00:05.200000Z,52,22.946271126332825,72.36710677097608,62.18602579647646,90,-60,0,1.7,18
2026-01-01T00:00:05.300000Z,53,22.946270249847565,72.36710843994071,62.2843591697538,90,-60,0,1.7,18
2026-01-01T00:00:05.400000Z,54,22.946269357294554,72.36711010921637,62.39080103959339,90,-60,0,1.7,18
2026-01-01T00:00:05.500000Z,55,22.946268451281565,72.36711177875256,62.50414537707795,90,-60,0,1.7,18
2026-01-01T00:00:05.600000Z,56,22.946267534454524,72.36711344849807,62.623107945573665,90,-60,0,1.7,18
2026-01-01T00:00:05.700000Z,57,22.946266609489996,72.36711511840109,62.74634085164445,90,-60,0,1.7,18
2026-01-01T00:00:05.800000Z,58,22.946265679087617,72.36711678840935,62.87244781722316,90,-60,0,1.7,18
2026-01-01T00:00:05.900000Z,59,22.94626474596245,72.36711845847032,63.0,90,-60,0,1.7,18
